Year,Serie,Value
2016,Emisiones totales de gases de efecto invernadero de las unidades residentes por unidad de PIB,0.47
2017,Emisiones totales de gases de efecto invernadero de las unidades residentes por unidad de PIB,0.48
2018,Emisiones totales de gases de efecto invernadero de las unidades residentes por unidad de PIB,0.46
2016,Emisiones totales de gases de efecto invernadero de las unidades residentes per cápita,10.19
2017,Emisiones totales de gases de efecto invernadero de las unidades residentes per cápita,10.66
2018,Emisiones totales de gases de efecto invernadero de las unidades residentes per cápita,10.63
