Year,Serie,Value
2010,Total de ingresos de las Administraciones Públicas Autonómicas y Locales en proporción al PIB,22.01
2011,Total de ingresos de las Administraciones Públicas Autonómicas y Locales en proporción al PIB,21.52
2012,Total de ingresos de las Administraciones Públicas Autonómicas y Locales en proporción al PIB,24.66
2013,Total de ingresos de las Administraciones Públicas Autonómicas y Locales en proporción al PIB,22.5
2014,Total de ingresos de las Administraciones Públicas Autonómicas y Locales en proporción al PIB,23.67
2015,Total de ingresos de las Administraciones Públicas Autonómicas y Locales en proporción al PIB,23.76
2016,Total de ingresos de las Administraciones Públicas Autonómicas y Locales en proporción al PIB,23.46
2017,Total de ingresos de las Administraciones Públicas Autonómicas y Locales en proporción al PIB,23.77
2018,Total de ingresos de las Administraciones Públicas Autonómicas y Locales en proporción al PIB,23.88
