Year,Serie,Value
2010,Proporción de personas entre 16 y 74 años que han utilizado Internet en los últimos tres meses,62.73
2011,Proporción de personas entre 16 y 74 años que han utilizado Internet en los últimos tres meses,69.6
2012,Proporción de personas entre 16 y 74 años que han utilizado Internet en los últimos tres meses,70.42
2013,Proporción de personas entre 16 y 74 años que han utilizado Internet en los últimos tres meses,73.9
2014,Proporción de personas entre 16 y 74 años que han utilizado Internet en los últimos tres meses,74.84
2015,Proporción de personas entre 16 y 74 años que han utilizado Internet en los últimos tres meses,78.81
2017,Proporción de personas entre 16 y 74 años que han utilizado Internet en los últimos tres meses,82.74
2019,Proporción de personas entre 16 y 74 años que han utilizado Internet en los últimos tres meses,89.12
