Year,Serie,Value
2010,Proporción de la superficie agrícola en que se practica una agricultura productiva y sostenible,2.62
2011,Proporción de la superficie agrícola en que se practica una agricultura productiva y sostenible,2.31
2012,Proporción de la superficie agrícola en que se practica una agricultura productiva y sostenible,2.67
2013,Proporción de la superficie agrícola en que se practica una agricultura productiva y sostenible,2.12
2014,Proporción de la superficie agrícola en que se practica una agricultura productiva y sostenible,1.46
2015,Proporción de la superficie agrícola en que se practica una agricultura productiva y sostenible,1.2
2016,Proporción de la superficie agrícola en que se practica una agricultura productiva y sostenible,1.22
2017,Proporción de la superficie agrícola en que se practica una agricultura productiva y sostenible,1.27
2018,Proporción de la superficie agrícola en que se practica una agricultura productiva y sostenible,1.3
