Year,Serie,RefArea,Value
2010,Cobertura de los tratamientos(farmacológicos y psicosociales y servicios de rehabilitación y postratamiento) de trastornos por abuso de sustancias adictivas,España,0.0
2011,Cobertura de los tratamientos(farmacológicos y psicosociales y servicios de rehabilitación y postratamiento) de trastornos por abuso de sustancias adictivas,España,0.0
2012,Cobertura de los tratamientos(farmacológicos y psicosociales y servicios de rehabilitación y postratamiento) de trastornos por abuso de sustancias adictivas,España,0.0
2013,Cobertura de los tratamientos(farmacológicos y psicosociales y servicios de rehabilitación y postratamiento) de trastornos por abuso de sustancias adictivas,España,0.0
2014,Cobertura de los tratamientos(farmacológicos y psicosociales y servicios de rehabilitación y postratamiento) de trastornos por abuso de sustancias adictivas,España,0.0
2015,Cobertura de los tratamientos(farmacológicos y psicosociales y servicios de rehabilitación y postratamiento) de trastornos por abuso de sustancias adictivas,España,101.93
2016,Cobertura de los tratamientos(farmacológicos y psicosociales y servicios de rehabilitación y postratamiento) de trastornos por abuso de sustancias adictivas,España,98.25
2017,Cobertura de los tratamientos(farmacológicos y psicosociales y servicios de rehabilitación y postratamiento) de trastornos por abuso de sustancias adictivas,España,100.57
2018,Cobertura de los tratamientos(farmacológicos y psicosociales y servicios de rehabilitación y postratamiento) de trastornos por abuso de sustancias adictivas,España,102.66
2019,Cobertura de los tratamientos(farmacológicos y psicosociales y servicios de rehabilitación y postratamiento) de trastornos por abuso de sustancias adictivas,España,106.22
2020,Cobertura de los tratamientos(farmacológicos y psicosociales y servicios de rehabilitación y postratamiento) de trastornos por abuso de sustancias adictivas,España,81.39
2021,Cobertura de los tratamientos(farmacológicos y psicosociales y servicios de rehabilitación y postratamiento) de trastornos por abuso de sustancias adictivas,España,0.0
2010,Cobertura de los tratamientos(farmacológicos y psicosociales y servicios de rehabilitación y postratamiento) de trastornos por abuso de sustancias adictivas,Cantabria,76.49
2011,Cobertura de los tratamientos(farmacológicos y psicosociales y servicios de rehabilitación y postratamiento) de trastornos por abuso de sustancias adictivas,Cantabria,63.56
2012,Cobertura de los tratamientos(farmacológicos y psicosociales y servicios de rehabilitación y postratamiento) de trastornos por abuso de sustancias adictivas,Cantabria,62.26
2013,Cobertura de los tratamientos(farmacológicos y psicosociales y servicios de rehabilitación y postratamiento) de trastornos por abuso de sustancias adictivas,Cantabria,69.83
2014,Cobertura de los tratamientos(farmacológicos y psicosociales y servicios de rehabilitación y postratamiento) de trastornos por abuso de sustancias adictivas,Cantabria,72.84
2015,Cobertura de los tratamientos(farmacológicos y psicosociales y servicios de rehabilitación y postratamiento) de trastornos por abuso de sustancias adictivas,Cantabria,68.03
2016,Cobertura de los tratamientos(farmacológicos y psicosociales y servicios de rehabilitación y postratamiento) de trastornos por abuso de sustancias adictivas,Cantabria,70.52
2017,Cobertura de los tratamientos(farmacológicos y psicosociales y servicios de rehabilitación y postratamiento) de trastornos por abuso de sustancias adictivas,Cantabria,79.36
2018,Cobertura de los tratamientos(farmacológicos y psicosociales y servicios de rehabilitación y postratamiento) de trastornos por abuso de sustancias adictivas,Cantabria,75.74
2019,Cobertura de los tratamientos(farmacológicos y psicosociales y servicios de rehabilitación y postratamiento) de trastornos por abuso de sustancias adictivas,Cantabria,74.93
2020,Cobertura de los tratamientos(farmacológicos y psicosociales y servicios de rehabilitación y postratamiento) de trastornos por abuso de sustancias adictivas,Cantabria,68.17
2021,Cobertura de los tratamientos(farmacológicos y psicosociales y servicios de rehabilitación y postratamiento) de trastornos por abuso de sustancias adictivas,Cantabria,82.78
2010,Cobertura de los tratamientos(farmacológicos y psicosociales y servicios de rehabilitación y postratamiento) de trastornos por abuso de sustancias adictivas,España,0.0
2011,Cobertura de los tratamientos(farmacológicos y psicosociales y servicios de rehabilitación y postratamiento) de trastornos por abuso de sustancias adictivas,España,0.0
2012,Cobertura de los tratamientos(farmacológicos y psicosociales y servicios de rehabilitación y postratamiento) de trastornos por abuso de sustancias adictivas,España,0.0
2013,Cobertura de los tratamientos(farmacológicos y psicosociales y servicios de rehabilitación y postratamiento) de trastornos por abuso de sustancias adictivas,España,0.0
2014,Cobertura de los tratamientos(farmacológicos y psicosociales y servicios de rehabilitación y postratamiento) de trastornos por abuso de sustancias adictivas,España,0.0
2015,Cobertura de los tratamientos(farmacológicos y psicosociales y servicios de rehabilitación y postratamiento) de trastornos por abuso de sustancias adictivas,España,173.75
2016,Cobertura de los tratamientos(farmacológicos y psicosociales y servicios de rehabilitación y postratamiento) de trastornos por abuso de sustancias adictivas,España,167.19
2017,Cobertura de los tratamientos(farmacológicos y psicosociales y servicios de rehabilitación y postratamiento) de trastornos por abuso de sustancias adictivas,España,171.11
2018,Cobertura de los tratamientos(farmacológicos y psicosociales y servicios de rehabilitación y postratamiento) de trastornos por abuso de sustancias adictivas,España,174.12
2019,Cobertura de los tratamientos(farmacológicos y psicosociales y servicios de rehabilitación y postratamiento) de trastornos por abuso de sustancias adictivas,España,179.55
2020,Cobertura de los tratamientos(farmacológicos y psicosociales y servicios de rehabilitación y postratamiento) de trastornos por abuso de sustancias adictivas,España,136.16
2021,Cobertura de los tratamientos(farmacológicos y psicosociales y servicios de rehabilitación y postratamiento) de trastornos por abuso de sustancias adictivas,España,0.0
2010,Cobertura de los tratamientos(farmacológicos y psicosociales y servicios de rehabilitación y postratamiento) de trastornos por abuso de sustancias adictivas,Cantabria,136.07
2011,Cobertura de los tratamientos(farmacológicos y psicosociales y servicios de rehabilitación y postratamiento) de trastornos por abuso de sustancias adictivas,Cantabria,111.84
2012,Cobertura de los tratamientos(farmacológicos y psicosociales y servicios de rehabilitación y postratamiento) de trastornos por abuso de sustancias adictivas,Cantabria,108.16
2013,Cobertura de los tratamientos(farmacológicos y psicosociales y servicios de rehabilitación y postratamiento) de trastornos por abuso de sustancias adictivas,Cantabria,125.73
2014,Cobertura de los tratamientos(farmacológicos y psicosociales y servicios de rehabilitación y postratamiento) de trastornos por abuso de sustancias adictivas,Cantabria,126.94
2015,Cobertura de los tratamientos(farmacológicos y psicosociales y servicios de rehabilitación y postratamiento) de trastornos por abuso de sustancias adictivas,Cantabria,116.43
2016,Cobertura de los tratamientos(farmacológicos y psicosociales y servicios de rehabilitación y postratamiento) de trastornos por abuso de sustancias adictivas,Cantabria,121.15
2017,Cobertura de los tratamientos(farmacológicos y psicosociales y servicios de rehabilitación y postratamiento) de trastornos por abuso de sustancias adictivas,Cantabria,139.65
2018,Cobertura de los tratamientos(farmacológicos y psicosociales y servicios de rehabilitación y postratamiento) de trastornos por abuso de sustancias adictivas,Cantabria,128.47
2019,Cobertura de los tratamientos(farmacológicos y psicosociales y servicios de rehabilitación y postratamiento) de trastornos por abuso de sustancias adictivas,Cantabria,124.13
2020,Cobertura de los tratamientos(farmacológicos y psicosociales y servicios de rehabilitación y postratamiento) de trastornos por abuso de sustancias adictivas,Cantabria,115.94
2021,Cobertura de los tratamientos(farmacológicos y psicosociales y servicios de rehabilitación y postratamiento) de trastornos por abuso de sustancias adictivas,Cantabria,139.27
2010,Cobertura de los tratamientos(farmacológicos y psicosociales y servicios de rehabilitación y postratamiento) de trastornos por abuso de sustancias adictivas,España,0.0
2011,Cobertura de los tratamientos(farmacológicos y psicosociales y servicios de rehabilitación y postratamiento) de trastornos por abuso de sustancias adictivas,España,0.0
2012,Cobertura de los tratamientos(farmacológicos y psicosociales y servicios de rehabilitación y postratamiento) de trastornos por abuso de sustancias adictivas,España,0.0
2013,Cobertura de los tratamientos(farmacológicos y psicosociales y servicios de rehabilitación y postratamiento) de trastornos por abuso de sustancias adictivas,España,0.0
2014,Cobertura de los tratamientos(farmacológicos y psicosociales y servicios de rehabilitación y postratamiento) de trastornos por abuso de sustancias adictivas,España,0.0
2015,Cobertura de los tratamientos(farmacológicos y psicosociales y servicios de rehabilitación y postratamiento) de trastornos por abuso de sustancias adictivas,España,32.2
2016,Cobertura de los tratamientos(farmacológicos y psicosociales y servicios de rehabilitación y postratamiento) de trastornos por abuso de sustancias adictivas,España,31.53
2017,Cobertura de los tratamientos(farmacológicos y psicosociales y servicios de rehabilitación y postratamiento) de trastornos por abuso de sustancias adictivas,España,32.43
2018,Cobertura de los tratamientos(farmacológicos y psicosociales y servicios de rehabilitación y postratamiento) de trastornos por abuso de sustancias adictivas,España,33.74
2019,Cobertura de los tratamientos(farmacológicos y psicosociales y servicios de rehabilitación y postratamiento) de trastornos por abuso de sustancias adictivas,España,35.54
2020,Cobertura de los tratamientos(farmacológicos y psicosociales y servicios de rehabilitación y postratamiento) de trastornos por abuso de sustancias adictivas,España,28.65
2021,Cobertura de los tratamientos(farmacológicos y psicosociales y servicios de rehabilitación y postratamiento) de trastornos por abuso de sustancias adictivas,España,0.0
2010,Cobertura de los tratamientos(farmacológicos y psicosociales y servicios de rehabilitación y postratamiento) de trastornos por abuso de sustancias adictivas,Cantabria,19.28
2011,Cobertura de los tratamientos(farmacológicos y psicosociales y servicios de rehabilitación y postratamiento) de trastornos por abuso de sustancias adictivas,Cantabria,17.23
2012,Cobertura de los tratamientos(farmacológicos y psicosociales y servicios de rehabilitación y postratamiento) de trastornos por abuso de sustancias adictivas,Cantabria,18.23
2013,Cobertura de los tratamientos(farmacológicos y psicosociales y servicios de rehabilitación y postratamiento) de trastornos por abuso de sustancias adictivas,Cantabria,16.3
2014,Cobertura de los tratamientos(farmacológicos y psicosociales y servicios de rehabilitación y postratamiento) de trastornos por abuso de sustancias adictivas,Cantabria,21.04
2015,Cobertura de los tratamientos(farmacológicos y psicosociales y servicios de rehabilitación y postratamiento) de trastornos por abuso de sustancias adictivas,Cantabria,21.78
2016,Cobertura de los tratamientos(farmacológicos y psicosociales y servicios de rehabilitación y postratamiento) de trastornos por abuso de sustancias adictivas,Cantabria,22.19
2017,Cobertura de los tratamientos(farmacológicos y psicosociales y servicios de rehabilitación y postratamiento) de trastornos por abuso de sustancias adictivas,Cantabria,21.86
2018,Cobertura de los tratamientos(farmacológicos y psicosociales y servicios de rehabilitación y postratamiento) de trastornos por abuso de sustancias adictivas,Cantabria,25.54
2019,Cobertura de los tratamientos(farmacológicos y psicosociales y servicios de rehabilitación y postratamiento) de trastornos por abuso de sustancias adictivas,Cantabria,28.16
2020,Cobertura de los tratamientos(farmacológicos y psicosociales y servicios de rehabilitación y postratamiento) de trastornos por abuso de sustancias adictivas,Cantabria,22.78
2021,Cobertura de los tratamientos(farmacológicos y psicosociales y servicios de rehabilitación y postratamiento) de trastornos por abuso de sustancias adictivas,Cantabria,29.08
2010,Cobertura de los tratamientos(farmacológicos y psicosociales y servicios de rehabilitación y postratamiento) de trastornos por abuso de sustancias adictivas,España,0.0
2011,Cobertura de los tratamientos(farmacológicos y psicosociales y servicios de rehabilitación y postratamiento) de trastornos por abuso de sustancias adictivas,España,0.0
2012,Cobertura de los tratamientos(farmacológicos y psicosociales y servicios de rehabilitación y postratamiento) de trastornos por abuso de sustancias adictivas,España,0.0
2013,Cobertura de los tratamientos(farmacológicos y psicosociales y servicios de rehabilitación y postratamiento) de trastornos por abuso de sustancias adictivas,España,0.0
2014,Cobertura de los tratamientos(farmacológicos y psicosociales y servicios de rehabilitación y postratamiento) de trastornos por abuso de sustancias adictivas,España,0.0
2015,Cobertura de los tratamientos(farmacológicos y psicosociales y servicios de rehabilitación y postratamiento) de trastornos por abuso de sustancias adictivas,España,59.19
2016,Cobertura de los tratamientos(farmacológicos y psicosociales y servicios de rehabilitación y postratamiento) de trastornos por abuso de sustancias adictivas,España,57.38
2017,Cobertura de los tratamientos(farmacológicos y psicosociales y servicios de rehabilitación y postratamiento) de trastornos por abuso de sustancias adictivas,España,55.34
2018,Cobertura de los tratamientos(farmacológicos y psicosociales y servicios de rehabilitación y postratamiento) de trastornos por abuso de sustancias adictivas,España,55.2
2019,Cobertura de los tratamientos(farmacológicos y psicosociales y servicios de rehabilitación y postratamiento) de trastornos por abuso de sustancias adictivas,España,57.76
2020,Cobertura de los tratamientos(farmacológicos y psicosociales y servicios de rehabilitación y postratamiento) de trastornos por abuso de sustancias adictivas,España,42.27
2021,Cobertura de los tratamientos(farmacológicos y psicosociales y servicios de rehabilitación y postratamiento) de trastornos por abuso de sustancias adictivas,España,0.0
2010,Cobertura de los tratamientos(farmacológicos y psicosociales y servicios de rehabilitación y postratamiento) de trastornos por abuso de sustancias adictivas,Cantabria,14.59
2011,Cobertura de los tratamientos(farmacológicos y psicosociales y servicios de rehabilitación y postratamiento) de trastornos por abuso de sustancias adictivas,Cantabria,15.21
2012,Cobertura de los tratamientos(farmacológicos y psicosociales y servicios de rehabilitación y postratamiento) de trastornos por abuso de sustancias adictivas,Cantabria,22.16
2013,Cobertura de los tratamientos(farmacológicos y psicosociales y servicios de rehabilitación y postratamiento) de trastornos por abuso de sustancias adictivas,Cantabria,31.09
2014,Cobertura de los tratamientos(farmacológicos y psicosociales y servicios de rehabilitación y postratamiento) de trastornos por abuso de sustancias adictivas,Cantabria,27.97
2015,Cobertura de los tratamientos(farmacológicos y psicosociales y servicios de rehabilitación y postratamiento) de trastornos por abuso de sustancias adictivas,Cantabria,27.93
2016,Cobertura de los tratamientos(farmacológicos y psicosociales y servicios de rehabilitación y postratamiento) de trastornos por abuso de sustancias adictivas,Cantabria,29.41
2017,Cobertura de los tratamientos(farmacológicos y psicosociales y servicios de rehabilitación y postratamiento) de trastornos por abuso de sustancias adictivas,Cantabria,25.48
2018,Cobertura de los tratamientos(farmacológicos y psicosociales y servicios de rehabilitación y postratamiento) de trastornos por abuso de sustancias adictivas,Cantabria,32.88
2019,Cobertura de los tratamientos(farmacológicos y psicosociales y servicios de rehabilitación y postratamiento) de trastornos por abuso de sustancias adictivas,Cantabria,38.5
2020,Cobertura de los tratamientos(farmacológicos y psicosociales y servicios de rehabilitación y postratamiento) de trastornos por abuso de sustancias adictivas,Cantabria,29.54
2021,Cobertura de los tratamientos(farmacológicos y psicosociales y servicios de rehabilitación y postratamiento) de trastornos por abuso de sustancias adictivas,Cantabria,32.22
2010,Cobertura de los tratamientos(farmacológicos y psicosociales y servicios de rehabilitación y postratamiento) de trastornos por abuso de sustancias adictivas,España,0.0
2011,Cobertura de los tratamientos(farmacológicos y psicosociales y servicios de rehabilitación y postratamiento) de trastornos por abuso de sustancias adictivas,España,0.0
2012,Cobertura de los tratamientos(farmacológicos y psicosociales y servicios de rehabilitación y postratamiento) de trastornos por abuso de sustancias adictivas,España,0.0
2013,Cobertura de los tratamientos(farmacológicos y psicosociales y servicios de rehabilitación y postratamiento) de trastornos por abuso de sustancias adictivas,España,0.0
2014,Cobertura de los tratamientos(farmacológicos y psicosociales y servicios de rehabilitación y postratamiento) de trastornos por abuso de sustancias adictivas,España,0.0
2015,Cobertura de los tratamientos(farmacológicos y psicosociales y servicios de rehabilitación y postratamiento) de trastornos por abuso de sustancias adictivas,España,93.39
2016,Cobertura de los tratamientos(farmacológicos y psicosociales y servicios de rehabilitación y postratamiento) de trastornos por abuso de sustancias adictivas,España,89.85
2017,Cobertura de los tratamientos(farmacológicos y psicosociales y servicios de rehabilitación y postratamiento) de trastornos por abuso de sustancias adictivas,España,87.02
2018,Cobertura de los tratamientos(farmacológicos y psicosociales y servicios de rehabilitación y postratamiento) de trastornos por abuso de sustancias adictivas,España,86.51
2019,Cobertura de los tratamientos(farmacológicos y psicosociales y servicios de rehabilitación y postratamiento) de trastornos por abuso de sustancias adictivas,España,89.3
2020,Cobertura de los tratamientos(farmacológicos y psicosociales y servicios de rehabilitación y postratamiento) de trastornos por abuso de sustancias adictivas,España,64.0
2021,Cobertura de los tratamientos(farmacológicos y psicosociales y servicios de rehabilitación y postratamiento) de trastornos por abuso de sustancias adictivas,España,0.0
2010,Cobertura de los tratamientos(farmacológicos y psicosociales y servicios de rehabilitación y postratamiento) de trastornos por abuso de sustancias adictivas,Cantabria,22.85
2011,Cobertura de los tratamientos(farmacológicos y psicosociales y servicios de rehabilitación y postratamiento) de trastornos por abuso de sustancias adictivas,Cantabria,24.51
2012,Cobertura de los tratamientos(farmacológicos y psicosociales y servicios de rehabilitación y postratamiento) de trastornos por abuso de sustancias adictivas,Cantabria,36.28
2013,Cobertura de los tratamientos(farmacológicos y psicosociales y servicios de rehabilitación y postratamiento) de trastornos por abuso de sustancias adictivas,Cantabria,44.8
2014,Cobertura de los tratamientos(farmacológicos y psicosociales y servicios de rehabilitación y postratamiento) de trastornos por abuso de sustancias adictivas,Cantabria,44.29
2015,Cobertura de los tratamientos(farmacológicos y psicosociales y servicios de rehabilitación y postratamiento) de trastornos por abuso de sustancias adictivas,Cantabria,44.54
2016,Cobertura de los tratamientos(farmacológicos y psicosociales y servicios de rehabilitación y postratamiento) de trastornos por abuso de sustancias adictivas,Cantabria,48.95
2017,Cobertura de los tratamientos(farmacológicos y psicosociales y servicios de rehabilitación y postratamiento) de trastornos por abuso de sustancias adictivas,Cantabria,42.32
2018,Cobertura de los tratamientos(farmacológicos y psicosociales y servicios de rehabilitación y postratamiento) de trastornos por abuso de sustancias adictivas,Cantabria,48.0
2019,Cobertura de los tratamientos(farmacológicos y psicosociales y servicios de rehabilitación y postratamiento) de trastornos por abuso de sustancias adictivas,Cantabria,57.48
2020,Cobertura de los tratamientos(farmacológicos y psicosociales y servicios de rehabilitación y postratamiento) de trastornos por abuso de sustancias adictivas,Cantabria,44.05
2021,Cobertura de los tratamientos(farmacológicos y psicosociales y servicios de rehabilitación y postratamiento) de trastornos por abuso de sustancias adictivas,Cantabria,47.13
2010,Cobertura de los tratamientos(farmacológicos y psicosociales y servicios de rehabilitación y postratamiento) de trastornos por abuso de sustancias adictivas,España,0.0
2011,Cobertura de los tratamientos(farmacológicos y psicosociales y servicios de rehabilitación y postratamiento) de trastornos por abuso de sustancias adictivas,España,0.0
2012,Cobertura de los tratamientos(farmacológicos y psicosociales y servicios de rehabilitación y postratamiento) de trastornos por abuso de sustancias adictivas,España,0.0
2013,Cobertura de los tratamientos(farmacológicos y psicosociales y servicios de rehabilitación y postratamiento) de trastornos por abuso de sustancias adictivas,España,0.0
2014,Cobertura de los tratamientos(farmacológicos y psicosociales y servicios de rehabilitación y postratamiento) de trastornos por abuso de sustancias adictivas,España,0.0
2015,Cobertura de los tratamientos(farmacológicos y psicosociales y servicios de rehabilitación y postratamiento) de trastornos por abuso de sustancias adictivas,España,25.96
2016,Cobertura de los tratamientos(farmacológicos y psicosociales y servicios de rehabilitación y postratamiento) de trastornos por abuso de sustancias adictivas,España,25.96
2017,Cobertura de los tratamientos(farmacológicos y psicosociales y servicios de rehabilitación y postratamiento) de trastornos por abuso de sustancias adictivas,España,24.66
2018,Cobertura de los tratamientos(farmacológicos y psicosociales y servicios de rehabilitación y postratamiento) de trastornos por abuso de sustancias adictivas,España,24.95
2019,Cobertura de los tratamientos(farmacológicos y psicosociales y servicios de rehabilitación y postratamiento) de trastornos por abuso de sustancias adictivas,España,27.37
2020,Cobertura de los tratamientos(farmacológicos y psicosociales y servicios de rehabilitación y postratamiento) de trastornos por abuso de sustancias adictivas,España,21.32
2021,Cobertura de los tratamientos(farmacológicos y psicosociales y servicios de rehabilitación y postratamiento) de trastornos por abuso de sustancias adictivas,España,0.0
2010,Cobertura de los tratamientos(farmacológicos y psicosociales y servicios de rehabilitación y postratamiento) de trastornos por abuso de sustancias adictivas,Cantabria,6.65
2011,Cobertura de los tratamientos(farmacológicos y psicosociales y servicios de rehabilitación y postratamiento) de trastornos por abuso de sustancias adictivas,Cantabria,6.29
2012,Cobertura de los tratamientos(farmacológicos y psicosociales y servicios de rehabilitación y postratamiento) de trastornos por abuso de sustancias adictivas,Cantabria,8.62
2013,Cobertura de los tratamientos(farmacológicos y psicosociales y servicios de rehabilitación y postratamiento) de trastornos por abuso de sustancias adictivas,Cantabria,17.96
2014,Cobertura de los tratamientos(farmacológicos y psicosociales y servicios de rehabilitación y postratamiento) de trastornos por abuso de sustancias adictivas,Cantabria,12.35
2015,Cobertura de los tratamientos(farmacológicos y psicosociales y servicios de rehabilitación y postratamiento) de trastornos por abuso de sustancias adictivas,Cantabria,12.06
2016,Cobertura de los tratamientos(farmacológicos y psicosociales y servicios de rehabilitación y postratamiento) de trastornos por abuso de sustancias adictivas,Cantabria,10.76
2017,Cobertura de los tratamientos(farmacológicos y psicosociales y servicios de rehabilitación y postratamiento) de trastornos por abuso de sustancias adictivas,Cantabria,9.42
2018,Cobertura de los tratamientos(farmacológicos y psicosociales y servicios de rehabilitación y postratamiento) de trastornos por abuso de sustancias adictivas,Cantabria,18.48
2019,Cobertura de los tratamientos(farmacológicos y psicosociales y servicios de rehabilitación y postratamiento) de trastornos por abuso de sustancias adictivas,Cantabria,20.45
2020,Cobertura de los tratamientos(farmacológicos y psicosociales y servicios de rehabilitación y postratamiento) de trastornos por abuso de sustancias adictivas,Cantabria,15.74
2021,Cobertura de los tratamientos(farmacológicos y psicosociales y servicios de rehabilitación y postratamiento) de trastornos por abuso de sustancias adictivas,Cantabria,18.05
