Year,Serie,RefArea,Value
2010,Tasa de fecundidad de las adolescentes entre 10 y 14 años por cada 1.000 mujeres de ese grupo de edad,España,0.12
2011,Tasa de fecundidad de las adolescentes entre 10 y 14 años por cada 1.000 mujeres de ese grupo de edad,España,0.14
2012,Tasa de fecundidad de las adolescentes entre 10 y 14 años por cada 1.000 mujeres de ese grupo de edad,España,0.13
2013,Tasa de fecundidad de las adolescentes entre 10 y 14 años por cada 1.000 mujeres de ese grupo de edad,España,0.13
2014,Tasa de fecundidad de las adolescentes entre 10 y 14 años por cada 1.000 mujeres de ese grupo de edad,España,0.12
2015,Tasa de fecundidad de las adolescentes entre 10 y 14 años por cada 1.000 mujeres de ese grupo de edad,España,0.09
2016,Tasa de fecundidad de las adolescentes entre 10 y 14 años por cada 1.000 mujeres de ese grupo de edad,España,0.1
2017,Tasa de fecundidad de las adolescentes entre 10 y 14 años por cada 1.000 mujeres de ese grupo de edad,España,0.1
2018,Tasa de fecundidad de las adolescentes entre 10 y 14 años por cada 1.000 mujeres de ese grupo de edad,España,0.06
2019,Tasa de fecundidad de las adolescentes entre 10 y 14 años por cada 1.000 mujeres de ese grupo de edad,España,0.07
2020,Tasa de fecundidad de las adolescentes entre 10 y 14 años por cada 1.000 mujeres de ese grupo de edad,España,0.05
2010,Tasa de fecundidad de las adolescentes entre 10 y 14 años por cada 1.000 mujeres de ese grupo de edad,Cantabria,0.0
2011,Tasa de fecundidad de las adolescentes entre 10 y 14 años por cada 1.000 mujeres de ese grupo de edad,Cantabria,0.09
2012,Tasa de fecundidad de las adolescentes entre 10 y 14 años por cada 1.000 mujeres de ese grupo de edad,Cantabria,0.0
2013,Tasa de fecundidad de las adolescentes entre 10 y 14 años por cada 1.000 mujeres de ese grupo de edad,Cantabria,0.0
2014,Tasa de fecundidad de las adolescentes entre 10 y 14 años por cada 1.000 mujeres de ese grupo de edad,Cantabria,0.08
2015,Tasa de fecundidad de las adolescentes entre 10 y 14 años por cada 1.000 mujeres de ese grupo de edad,Cantabria,0.08
2016,Tasa de fecundidad de las adolescentes entre 10 y 14 años por cada 1.000 mujeres de ese grupo de edad,Cantabria,0.08
2017,Tasa de fecundidad de las adolescentes entre 10 y 14 años por cada 1.000 mujeres de ese grupo de edad,Cantabria,0.0
2018,Tasa de fecundidad de las adolescentes entre 10 y 14 años por cada 1.000 mujeres de ese grupo de edad,Cantabria,0.0
2019,Tasa de fecundidad de las adolescentes entre 10 y 14 años por cada 1.000 mujeres de ese grupo de edad,Cantabria,0.0
2020,Tasa de fecundidad de las adolescentes entre 10 y 14 años por cada 1.000 mujeres de ese grupo de edad,Cantabria,0.07
2010,Tasa de fecundidad de las adolescentes entre 15 y 19 años por cada 1.000 mujeres de ese grupo de edad,España,10.61
2011,Tasa de fecundidad de las adolescentes entre 15 y 19 años por cada 1.000 mujeres de ese grupo de edad,España,9.51
2012,Tasa de fecundidad de las adolescentes entre 15 y 19 años por cada 1.000 mujeres de ese grupo de edad,España,8.99
2013,Tasa de fecundidad de las adolescentes entre 15 y 19 años por cada 1.000 mujeres de ese grupo de edad,España,8.38
2014,Tasa de fecundidad de las adolescentes entre 15 y 19 años por cada 1.000 mujeres de ese grupo de edad,España,8.09
2015,Tasa de fecundidad de las adolescentes entre 15 y 19 años por cada 1.000 mujeres de ese grupo de edad,España,7.74
2016,Tasa de fecundidad de las adolescentes entre 15 y 19 años por cada 1.000 mujeres de ese grupo de edad,España,7.36
2017,Tasa de fecundidad de las adolescentes entre 15 y 19 años por cada 1.000 mujeres de ese grupo de edad,España,7.07
2018,Tasa de fecundidad de las adolescentes entre 15 y 19 años por cada 1.000 mujeres de ese grupo de edad,España,6.26
2019,Tasa de fecundidad de las adolescentes entre 15 y 19 años por cada 1.000 mujeres de ese grupo de edad,España,5.99
2020,Tasa de fecundidad de las adolescentes entre 15 y 19 años por cada 1.000 mujeres de ese grupo de edad,España,5.36
2010,Tasa de fecundidad de las adolescentes entre 15 y 19 años por cada 1.000 mujeres de ese grupo de edad,Cantabria,6.85
2011,Tasa de fecundidad de las adolescentes entre 15 y 19 años por cada 1.000 mujeres de ese grupo de edad,Cantabria,6.22
2012,Tasa de fecundidad de las adolescentes entre 15 y 19 años por cada 1.000 mujeres de ese grupo de edad,Cantabria,5.36
2013,Tasa de fecundidad de las adolescentes entre 15 y 19 años por cada 1.000 mujeres de ese grupo de edad,Cantabria,4.84
2014,Tasa de fecundidad de las adolescentes entre 15 y 19 años por cada 1.000 mujeres de ese grupo de edad,Cantabria,4.66
2015,Tasa de fecundidad de las adolescentes entre 15 y 19 años por cada 1.000 mujeres de ese grupo de edad,Cantabria,4.3
2016,Tasa de fecundidad de las adolescentes entre 15 y 19 años por cada 1.000 mujeres de ese grupo de edad,Cantabria,4.28
2017,Tasa de fecundidad de las adolescentes entre 15 y 19 años por cada 1.000 mujeres de ese grupo de edad,Cantabria,4.76
2018,Tasa de fecundidad de las adolescentes entre 15 y 19 años por cada 1.000 mujeres de ese grupo de edad,Cantabria,2.66
2019,Tasa de fecundidad de las adolescentes entre 15 y 19 años por cada 1.000 mujeres de ese grupo de edad,Cantabria,3.19
2020,Tasa de fecundidad de las adolescentes entre 15 y 19 años por cada 1.000 mujeres de ese grupo de edad,Cantabria,3.33
