Year,Serie,Value
2010,Número de personas investigadoras (en equivalente a tiempo completo) por cada millón de habitantes,2217.93
2011,Número de personas investigadoras (en equivalente a tiempo completo) por cada millón de habitantes,2170.85
2012,Número de personas investigadoras (en equivalente a tiempo completo) por cada millón de habitantes,2024.42
2013,Número de personas investigadoras (en equivalente a tiempo completo) por cada millón de habitantes,1819.25
2014,Número de personas investigadoras (en equivalente a tiempo completo) por cada millón de habitantes,1766.34
2015,Número de personas investigadoras (en equivalente a tiempo completo) por cada millón de habitantes,1882.45
2016,Número de personas investigadoras (en equivalente a tiempo completo) por cada millón de habitantes,1933.37
2017,Número de personas investigadoras (en equivalente a tiempo completo) por cada millón de habitantes,1862.88
2018,Número de personas investigadoras (en equivalente a tiempo completo) por cada millón de habitantes,2037.79
