Year,Serie,Región,Value
2014,Tasas de crecimiento per cápita de los gastos o ingresos de los hogares del 40% más pobre de la población y la población total,España,0.0
2015,Tasas de crecimiento per cápita de los gastos o ingresos de los hogares del 40% más pobre de la población y la población total,España,-2.59
2015,Tasas de crecimiento per cápita de los gastos o ingresos de los hogares del 40% más pobre de la población y la población total,España,-2.59
2016,Tasas de crecimiento per cápita de los gastos o ingresos de los hogares del 40% más pobre de la población y la población total,España,-0.86
2016,Tasas de crecimiento per cápita de los gastos o ingresos de los hogares del 40% más pobre de la población y la población total,España,-0.86
2017,Tasas de crecimiento per cápita de los gastos o ingresos de los hogares del 40% más pobre de la población y la población total,España,0.56
2017,Tasas de crecimiento per cápita de los gastos o ingresos de los hogares del 40% más pobre de la población y la población total,España,0.56
2018,Tasas de crecimiento per cápita de los gastos o ingresos de los hogares del 40% más pobre de la población y la población total,España,2.27
2018,Tasas de crecimiento per cápita de los gastos o ingresos de los hogares del 40% más pobre de la población y la población total,España,2.27
2019,Tasas de crecimiento per cápita de los gastos o ingresos de los hogares del 40% más pobre de la población y la población total,España,3.73
2019,Tasas de crecimiento per cápita de los gastos o ingresos de los hogares del 40% más pobre de la población y la población total,España,3.73
2020,Tasas de crecimiento per cápita de los gastos o ingresos de los hogares del 40% más pobre de la población y la población total,España,4.69
2020,Tasas de crecimiento per cápita de los gastos o ingresos de los hogares del 40% más pobre de la población y la población total,España,4.69
2014,Tasas de crecimiento per cápita de los gastos o ingresos de los hogares del 40% más pobre de la población y la población total,Cantabria,-1.53
2015,Tasas de crecimiento per cápita de los gastos o ingresos de los hogares del 40% más pobre de la población y la población total,Cantabria,2.79
2015,Tasas de crecimiento per cápita de los gastos o ingresos de los hogares del 40% más pobre de la población y la población total,Cantabria,-0.24
2016,Tasas de crecimiento per cápita de los gastos o ingresos de los hogares del 40% más pobre de la población y la población total,Cantabria,2.09
2016,Tasas de crecimiento per cápita de los gastos o ingresos de los hogares del 40% más pobre de la población y la población total,Cantabria,2.91
2017,Tasas de crecimiento per cápita de los gastos o ingresos de los hogares del 40% más pobre de la población y la población total,Cantabria,2.09
2017,Tasas de crecimiento per cápita de los gastos o ingresos de los hogares del 40% más pobre de la población y la población total,Cantabria,2.91
2018,Tasas de crecimiento per cápita de los gastos o ingresos de los hogares del 40% más pobre de la población y la población total,Cantabria,4.29
2018,Tasas de crecimiento per cápita de los gastos o ingresos de los hogares del 40% más pobre de la población y la población total,Cantabria,2.8
2019,Tasas de crecimiento per cápita de los gastos o ingresos de los hogares del 40% más pobre de la población y la población total,Cantabria,3.74
2019,Tasas de crecimiento per cápita de los gastos o ingresos de los hogares del 40% más pobre de la población y la población total,Cantabria,3.74
2020,Tasas de crecimiento per cápita de los gastos o ingresos de los hogares del 40% más pobre de la población y la población total,Cantabria,1.41
2020,Tasas de crecimiento per cápita de los gastos o ingresos de los hogares del 40% más pobre de la población y la población total,Cantabria,3.74
2011,Tasas de crecimiento per cápita de los gastos o ingresos de los hogares del 40% más pobre de la población y la población total,España,0.0
2012,Tasas de crecimiento per cápita de los gastos o ingresos de los hogares del 40% más pobre de la población y la población total,España,0.0
2013,Tasas de crecimiento per cápita de los gastos o ingresos de los hogares del 40% más pobre de la población y la población total,España,0.0
2014,Tasas de crecimiento per cápita de los gastos o ingresos de los hogares del 40% más pobre de la población y la población total,España,0.0
2015,Tasas de crecimiento per cápita de los gastos o ingresos de los hogares del 40% más pobre de la población y la población total,España,-0.53
2016,Tasas de crecimiento per cápita de los gastos o ingresos de los hogares del 40% más pobre de la población y la población total,España,0.06
2017,Tasas de crecimiento per cápita de los gastos o ingresos de los hogares del 40% más pobre de la población y la población total,España,1.26
2018,Tasas de crecimiento per cápita de los gastos o ingresos de los hogares del 40% más pobre de la población y la población total,España,2.32
2019,Tasas de crecimiento per cápita de los gastos o ingresos de los hogares del 40% más pobre de la población y la población total,España,2.42
2020,Tasas de crecimiento per cápita de los gastos o ingresos de los hogares del 40% más pobre de la población y la población total,España,-0.24
2021,Tasas de crecimiento per cápita de los gastos o ingresos de los hogares del 40% más pobre de la población y la población total,España,0.81
2011,Tasas de crecimiento per cápita de los gastos o ingresos de los hogares del 40% más pobre de la población y la población total,Cantabria,2.02
2012,Tasas de crecimiento per cápita de los gastos o ingresos de los hogares del 40% más pobre de la población y la población total,Cantabria,-0.13
2013,Tasas de crecimiento per cápita de los gastos o ingresos de los hogares del 40% más pobre de la población y la población total,Cantabria,-1.17
2014,Tasas de crecimiento per cápita de los gastos o ingresos de los hogares del 40% más pobre de la población y la población total,Cantabria,-1.65
2015,Tasas de crecimiento per cápita de los gastos o ingresos de los hogares del 40% más pobre de la población y la población total,Cantabria,-0.54
2016,Tasas de crecimiento per cápita de los gastos o ingresos de los hogares del 40% más pobre de la población y la población total,Cantabria,-0.57
2017,Tasas de crecimiento per cápita de los gastos o ingresos de los hogares del 40% más pobre de la población y la población total,Cantabria,1.34
2018,Tasas de crecimiento per cápita de los gastos o ingresos de los hogares del 40% más pobre de la población y la población total,Cantabria,2.56
2019,Tasas de crecimiento per cápita de los gastos o ingresos de los hogares del 40% más pobre de la población y la población total,Cantabria,2.16
2020,Tasas de crecimiento per cápita de los gastos o ingresos de los hogares del 40% más pobre de la población y la población total,Cantabria,-2.25
2021,Tasas de crecimiento per cápita de los gastos o ingresos de los hogares del 40% más pobre de la población y la población total,Cantabria,-0.4
2011,Tasas de crecimiento per cápita de los gastos o ingresos de los hogares del 40% más pobre de la población y la población total,España,0.0
2012,Tasas de crecimiento per cápita de los gastos o ingresos de los hogares del 40% más pobre de la población y la población total,España,0.0
2013,Tasas de crecimiento per cápita de los gastos o ingresos de los hogares del 40% más pobre de la población y la población total,España,0.0
2014,Tasas de crecimiento per cápita de los gastos o ingresos de los hogares del 40% más pobre de la población y la población total,España,0.0
2015,Tasas de crecimiento per cápita de los gastos o ingresos de los hogares del 40% más pobre de la población y la población total,España,-1.15
2016,Tasas de crecimiento per cápita de los gastos o ingresos de los hogares del 40% más pobre de la población y la población total,España,0.0
2017,Tasas de crecimiento per cápita de los gastos o ingresos de los hogares del 40% más pobre de la población y la población total,España,1.1
2018,Tasas de crecimiento per cápita de los gastos o ingresos de los hogares del 40% más pobre de la población y la población total,España,2.35
2019,Tasas de crecimiento per cápita de los gastos o ingresos de los hogares del 40% más pobre de la población y la población total,España,2.49
2020,Tasas de crecimiento per cápita de los gastos o ingresos de los hogares del 40% más pobre de la población y la población total,España,-0.18
2021,Tasas de crecimiento per cápita de los gastos o ingresos de los hogares del 40% más pobre de la población y la población total,España,0.5
2011,Tasas de crecimiento per cápita de los gastos o ingresos de los hogares del 40% más pobre de la población y la población total,Cantabria,4.24
2012,Tasas de crecimiento per cápita de los gastos o ingresos de los hogares del 40% más pobre de la población y la población total,Cantabria,0.54
2013,Tasas de crecimiento per cápita de los gastos o ingresos de los hogares del 40% más pobre de la población y la población total,Cantabria,-0.99
2014,Tasas de crecimiento per cápita de los gastos o ingresos de los hogares del 40% más pobre de la población y la población total,Cantabria,-0.99
2015,Tasas de crecimiento per cápita de los gastos o ingresos de los hogares del 40% más pobre de la población y la población total,Cantabria,-0.24
2016,Tasas de crecimiento per cápita de los gastos o ingresos de los hogares del 40% más pobre de la población y la población total,Cantabria,-1.51
2017,Tasas de crecimiento per cápita de los gastos o ingresos de los hogares del 40% más pobre de la población y la población total,Cantabria,1.29
2018,Tasas de crecimiento per cápita de los gastos o ingresos de los hogares del 40% más pobre de la población y la población total,Cantabria,1.38
2019,Tasas de crecimiento per cápita de los gastos o ingresos de los hogares del 40% más pobre de la población y la población total,Cantabria,1.67
2020,Tasas de crecimiento per cápita de los gastos o ingresos de los hogares del 40% más pobre de la población y la población total,Cantabria,-3.11
2021,Tasas de crecimiento per cápita de los gastos o ingresos de los hogares del 40% más pobre de la población y la población total,Cantabria,-1.21
2014,Tasas de crecimiento per cápita de los gastos o ingresos de los hogares del 40% más pobre de la población y la población total,España,0.0
2015,Tasas de crecimiento per cápita de los gastos o ingresos de los hogares del 40% más pobre de la población y la población total,España,-1.58
2015,Tasas de crecimiento per cápita de los gastos o ingresos de los hogares del 40% más pobre de la población y la población total,España,-1.58
2016,Tasas de crecimiento per cápita de los gastos o ingresos de los hogares del 40% más pobre de la población y la población total,España,-0.28
2016,Tasas de crecimiento per cápita de los gastos o ingresos de los hogares del 40% más pobre de la población y la población total,España,-0.28
2017,Tasas de crecimiento per cápita de los gastos o ingresos de los hogares del 40% más pobre de la población y la población total,España,0.51
2017,Tasas de crecimiento per cápita de los gastos o ingresos de los hogares del 40% más pobre de la población y la población total,España,0.51
2018,Tasas de crecimiento per cápita de los gastos o ingresos de los hogares del 40% más pobre de la población y la población total,España,1.62
2018,Tasas de crecimiento per cápita de los gastos o ingresos de los hogares del 40% más pobre de la población y la población total,España,1.62
2019,Tasas de crecimiento per cápita de los gastos o ingresos de los hogares del 40% más pobre de la población y la población total,España,2.37
2019,Tasas de crecimiento per cápita de los gastos o ingresos de los hogares del 40% más pobre de la población y la población total,España,2.37
2020,Tasas de crecimiento per cápita de los gastos o ingresos de los hogares del 40% más pobre de la población y la población total,España,3.36
2020,Tasas de crecimiento per cápita de los gastos o ingresos de los hogares del 40% más pobre de la población y la población total,España,3.36
2014,Tasas de crecimiento per cápita de los gastos o ingresos de los hogares del 40% más pobre de la población y la población total,Cantabria,-1.08
2015,Tasas de crecimiento per cápita de los gastos o ingresos de los hogares del 40% más pobre de la población y la población total,Cantabria,0.33
2015,Tasas de crecimiento per cápita de los gastos o ingresos de los hogares del 40% más pobre de la población y la población total,Cantabria,-1.08
2016,Tasas de crecimiento per cápita de los gastos o ingresos de los hogares del 40% más pobre de la población y la población total,Cantabria,1.68
2016,Tasas de crecimiento per cápita de los gastos o ingresos de los hogares del 40% más pobre de la población y la población total,Cantabria,0.33
2017,Tasas de crecimiento per cápita de los gastos o ingresos de los hogares del 40% más pobre de la población y la población total,Cantabria,2.69
2017,Tasas de crecimiento per cápita de los gastos o ingresos de los hogares del 40% más pobre de la población y la población total,Cantabria,1.68
2018,Tasas de crecimiento per cápita de los gastos o ingresos de los hogares del 40% más pobre de la población y la población total,Cantabria,4.44
2018,Tasas de crecimiento per cápita de los gastos o ingresos de los hogares del 40% más pobre de la población y la población total,Cantabria,2.69
2019,Tasas de crecimiento per cápita de los gastos o ingresos de los hogares del 40% más pobre de la población y la población total,Cantabria,3.97
2019,Tasas de crecimiento per cápita de los gastos o ingresos de los hogares del 40% más pobre de la población y la población total,Cantabria,3.97
2020,Tasas de crecimiento per cápita de los gastos o ingresos de los hogares del 40% más pobre de la población y la población total,Cantabria,3.89
2020,Tasas de crecimiento per cápita de los gastos o ingresos de los hogares del 40% más pobre de la población y la población total,Cantabria,3.97
