Year,Serie,Región,Value
2010,"Inversión extranjera directa, asistencia oficial para el desarrollo y cooperación Sur-Sur como proporción del ingreso nacional bruto",España,8237.24
2011,"Inversión extranjera directa, asistencia oficial para el desarrollo y cooperación Sur-Sur como proporción del ingreso nacional bruto",España,12434.3
2012,"Inversión extranjera directa, asistencia oficial para el desarrollo y cooperación Sur-Sur como proporción del ingreso nacional bruto",España,1848.79
2013,"Inversión extranjera directa, asistencia oficial para el desarrollo y cooperación Sur-Sur como proporción del ingreso nacional bruto",España,9273.79
2014,"Inversión extranjera directa, asistencia oficial para el desarrollo y cooperación Sur-Sur como proporción del ingreso nacional bruto",España,8355.23
2015,"Inversión extranjera directa, asistencia oficial para el desarrollo y cooperación Sur-Sur como proporción del ingreso nacional bruto",España,6550.32
2016,"Inversión extranjera directa, asistencia oficial para el desarrollo y cooperación Sur-Sur como proporción del ingreso nacional bruto",España,9089.62
2017,"Inversión extranjera directa, asistencia oficial para el desarrollo y cooperación Sur-Sur como proporción del ingreso nacional bruto",España,9235.61
2018,"Inversión extranjera directa, asistencia oficial para el desarrollo y cooperación Sur-Sur como proporción del ingreso nacional bruto",España,9683.02
2019,"Inversión extranjera directa, asistencia oficial para el desarrollo y cooperación Sur-Sur como proporción del ingreso nacional bruto",España,3884.99
2020,"Inversión extranjera directa, asistencia oficial para el desarrollo y cooperación Sur-Sur como proporción del ingreso nacional bruto",España,7412.13
2010,"Inversión extranjera directa, asistencia oficial para el desarrollo y cooperación Sur-Sur como proporción del ingreso nacional bruto",Cantabria,58.67
2011,"Inversión extranjera directa, asistencia oficial para el desarrollo y cooperación Sur-Sur como proporción del ingreso nacional bruto",Cantabria,56.24
2012,"Inversión extranjera directa, asistencia oficial para el desarrollo y cooperación Sur-Sur como proporción del ingreso nacional bruto",Cantabria,-1933.33
2013,"Inversión extranjera directa, asistencia oficial para el desarrollo y cooperación Sur-Sur como proporción del ingreso nacional bruto",Cantabria,-38.94
2014,"Inversión extranjera directa, asistencia oficial para el desarrollo y cooperación Sur-Sur como proporción del ingreso nacional bruto",Cantabria,3009.67
2015,"Inversión extranjera directa, asistencia oficial para el desarrollo y cooperación Sur-Sur como proporción del ingreso nacional bruto",Cantabria,154.08
2016,"Inversión extranjera directa, asistencia oficial para el desarrollo y cooperación Sur-Sur como proporción del ingreso nacional bruto",Cantabria,21.24
2017,"Inversión extranjera directa, asistencia oficial para el desarrollo y cooperación Sur-Sur como proporción del ingreso nacional bruto",Cantabria,19.19
2018,"Inversión extranjera directa, asistencia oficial para el desarrollo y cooperación Sur-Sur como proporción del ingreso nacional bruto",Cantabria,3698.46
2019,"Inversión extranjera directa, asistencia oficial para el desarrollo y cooperación Sur-Sur como proporción del ingreso nacional bruto",Cantabria,-70.07
2020,"Inversión extranjera directa, asistencia oficial para el desarrollo y cooperación Sur-Sur como proporción del ingreso nacional bruto",Cantabria,17.5
2010,"Inversión extranjera directa, asistencia oficial para el desarrollo y cooperación Sur-Sur como proporción del ingreso nacional bruto",España,510.42
2011,"Inversión extranjera directa, asistencia oficial para el desarrollo y cooperación Sur-Sur como proporción del ingreso nacional bruto",España,286.82
2012,"Inversión extranjera directa, asistencia oficial para el desarrollo y cooperación Sur-Sur como proporción del ingreso nacional bruto",España,207.72
2013,"Inversión extranjera directa, asistencia oficial para el desarrollo y cooperación Sur-Sur como proporción del ingreso nacional bruto",España,185.7
2014,"Inversión extranjera directa, asistencia oficial para el desarrollo y cooperación Sur-Sur como proporción del ingreso nacional bruto",España,162.35
2015,"Inversión extranjera directa, asistencia oficial para el desarrollo y cooperación Sur-Sur como proporción del ingreso nacional bruto",España,189.8
2016,"Inversión extranjera directa, asistencia oficial para el desarrollo y cooperación Sur-Sur como proporción del ingreso nacional bruto",España,218.57
2017,"Inversión extranjera directa, asistencia oficial para el desarrollo y cooperación Sur-Sur como proporción del ingreso nacional bruto",España,244.96
2018,"Inversión extranjera directa, asistencia oficial para el desarrollo y cooperación Sur-Sur como proporción del ingreso nacional bruto",España,286.88
2019,"Inversión extranjera directa, asistencia oficial para el desarrollo y cooperación Sur-Sur como proporción del ingreso nacional bruto",España,321.11
2010,"Inversión extranjera directa, asistencia oficial para el desarrollo y cooperación Sur-Sur como proporción del ingreso nacional bruto",Cantabria,2.66
2011,"Inversión extranjera directa, asistencia oficial para el desarrollo y cooperación Sur-Sur como proporción del ingreso nacional bruto",Cantabria,4.12
2012,"Inversión extranjera directa, asistencia oficial para el desarrollo y cooperación Sur-Sur como proporción del ingreso nacional bruto",Cantabria,0.44
2013,"Inversión extranjera directa, asistencia oficial para el desarrollo y cooperación Sur-Sur como proporción del ingreso nacional bruto",Cantabria,0.35
2014,"Inversión extranjera directa, asistencia oficial para el desarrollo y cooperación Sur-Sur como proporción del ingreso nacional bruto",Cantabria,0.33
2015,"Inversión extranjera directa, asistencia oficial para el desarrollo y cooperación Sur-Sur como proporción del ingreso nacional bruto",Cantabria,0.3
2016,"Inversión extranjera directa, asistencia oficial para el desarrollo y cooperación Sur-Sur como proporción del ingreso nacional bruto",Cantabria,0.81
2017,"Inversión extranjera directa, asistencia oficial para el desarrollo y cooperación Sur-Sur como proporción del ingreso nacional bruto",Cantabria,0.86
2018,"Inversión extranjera directa, asistencia oficial para el desarrollo y cooperación Sur-Sur como proporción del ingreso nacional bruto",Cantabria,1.94
2019,"Inversión extranjera directa, asistencia oficial para el desarrollo y cooperación Sur-Sur como proporción del ingreso nacional bruto",Cantabria,2.25
2010,"Inversión extranjera directa, asistencia oficial para el desarrollo y cooperación Sur-Sur como proporción del ingreso nacional bruto",España,0.77
2011,"Inversión extranjera directa, asistencia oficial para el desarrollo y cooperación Sur-Sur como proporción del ingreso nacional bruto",España,1.17
2012,"Inversión extranjera directa, asistencia oficial para el desarrollo y cooperación Sur-Sur como proporción del ingreso nacional bruto",España,0.18
2013,"Inversión extranjera directa, asistencia oficial para el desarrollo y cooperación Sur-Sur como proporción del ingreso nacional bruto",España,0.91
2014,"Inversión extranjera directa, asistencia oficial para el desarrollo y cooperación Sur-Sur como proporción del ingreso nacional bruto",España,0.81
2015,"Inversión extranjera directa, asistencia oficial para el desarrollo y cooperación Sur-Sur como proporción del ingreso nacional bruto",España,0.61
2016,"Inversión extranjera directa, asistencia oficial para el desarrollo y cooperación Sur-Sur como proporción del ingreso nacional bruto",España,0.82
2017,"Inversión extranjera directa, asistencia oficial para el desarrollo y cooperación Sur-Sur como proporción del ingreso nacional bruto",España,0.79
2018,"Inversión extranjera directa, asistencia oficial para el desarrollo y cooperación Sur-Sur como proporción del ingreso nacional bruto",España,0.8
2019,"Inversión extranjera directa, asistencia oficial para el desarrollo y cooperación Sur-Sur como proporción del ingreso nacional bruto",España,0.31
2010,"Inversión extranjera directa, asistencia oficial para el desarrollo y cooperación Sur-Sur como proporción del ingreso nacional bruto",Cantabria,0.46
2011,"Inversión extranjera directa, asistencia oficial para el desarrollo y cooperación Sur-Sur como proporción del ingreso nacional bruto",Cantabria,0.45
2012,"Inversión extranjera directa, asistencia oficial para el desarrollo y cooperación Sur-Sur como proporción del ingreso nacional bruto",Cantabria,-15.89
2013,"Inversión extranjera directa, asistencia oficial para el desarrollo y cooperación Sur-Sur como proporción del ingreso nacional bruto",Cantabria,-0.33
2014,"Inversión extranjera directa, asistencia oficial para el desarrollo y cooperación Sur-Sur como proporción del ingreso nacional bruto",Cantabria,24.96
2015,"Inversión extranjera directa, asistencia oficial para el desarrollo y cooperación Sur-Sur como proporción del ingreso nacional bruto",Cantabria,1.25
2016,"Inversión extranjera directa, asistencia oficial para el desarrollo y cooperación Sur-Sur como proporción del ingreso nacional bruto",Cantabria,0.17
2017,"Inversión extranjera directa, asistencia oficial para el desarrollo y cooperación Sur-Sur como proporción del ingreso nacional bruto",Cantabria,0.15
2018,"Inversión extranjera directa, asistencia oficial para el desarrollo y cooperación Sur-Sur como proporción del ingreso nacional bruto",Cantabria,26.92
2019,"Inversión extranjera directa, asistencia oficial para el desarrollo y cooperación Sur-Sur como proporción del ingreso nacional bruto",Cantabria,-0.49
2010,"Inversión extranjera directa, asistencia oficial para el desarrollo y cooperación Sur-Sur como proporción del ingreso nacional bruto",España,0.05
2011,"Inversión extranjera directa, asistencia oficial para el desarrollo y cooperación Sur-Sur como proporción del ingreso nacional bruto",España,0.03
2012,"Inversión extranjera directa, asistencia oficial para el desarrollo y cooperación Sur-Sur como proporción del ingreso nacional bruto",España,0.02
2013,"Inversión extranjera directa, asistencia oficial para el desarrollo y cooperación Sur-Sur como proporción del ingreso nacional bruto",España,0.02
2014,"Inversión extranjera directa, asistencia oficial para el desarrollo y cooperación Sur-Sur como proporción del ingreso nacional bruto",España,0.02
2015,"Inversión extranjera directa, asistencia oficial para el desarrollo y cooperación Sur-Sur como proporción del ingreso nacional bruto",España,0.02
2016,"Inversión extranjera directa, asistencia oficial para el desarrollo y cooperación Sur-Sur como proporción del ingreso nacional bruto",España,0.02
2017,"Inversión extranjera directa, asistencia oficial para el desarrollo y cooperación Sur-Sur como proporción del ingreso nacional bruto",España,0.02
2018,"Inversión extranjera directa, asistencia oficial para el desarrollo y cooperación Sur-Sur como proporción del ingreso nacional bruto",España,0.02
2019,"Inversión extranjera directa, asistencia oficial para el desarrollo y cooperación Sur-Sur como proporción del ingreso nacional bruto",España,0.03
2010,"Inversión extranjera directa, asistencia oficial para el desarrollo y cooperación Sur-Sur como proporción del ingreso nacional bruto",Cantabria,0.02
2011,"Inversión extranjera directa, asistencia oficial para el desarrollo y cooperación Sur-Sur como proporción del ingreso nacional bruto",Cantabria,0.03
2012,"Inversión extranjera directa, asistencia oficial para el desarrollo y cooperación Sur-Sur como proporción del ingreso nacional bruto",Cantabria,0.0
2013,"Inversión extranjera directa, asistencia oficial para el desarrollo y cooperación Sur-Sur como proporción del ingreso nacional bruto",Cantabria,0.0
2014,"Inversión extranjera directa, asistencia oficial para el desarrollo y cooperación Sur-Sur como proporción del ingreso nacional bruto",Cantabria,0.0
2015,"Inversión extranjera directa, asistencia oficial para el desarrollo y cooperación Sur-Sur como proporción del ingreso nacional bruto",Cantabria,0.0
2016,"Inversión extranjera directa, asistencia oficial para el desarrollo y cooperación Sur-Sur como proporción del ingreso nacional bruto",Cantabria,0.01
2017,"Inversión extranjera directa, asistencia oficial para el desarrollo y cooperación Sur-Sur como proporción del ingreso nacional bruto",Cantabria,0.01
2018,"Inversión extranjera directa, asistencia oficial para el desarrollo y cooperación Sur-Sur como proporción del ingreso nacional bruto",Cantabria,0.01
2019,"Inversión extranjera directa, asistencia oficial para el desarrollo y cooperación Sur-Sur como proporción del ingreso nacional bruto",Cantabria,0.02
