Year,Serie,Value
2015,Proporción de personas de 16 y más años con necesidad insatisfecha de atención médica,1.6
2016,Proporción de personas de 16 y más años con necesidad insatisfecha de atención médica,3.5
2017,Proporción de personas de 16 y más años con necesidad insatisfecha de atención médica,0.0
2018,Proporción de personas de 16 y más años con necesidad insatisfecha de atención médica,0.3
2019,Proporción de personas de 16 y más años con necesidad insatisfecha de atención médica,0.0
