Year,Serie,Value
2010,Gastos en investigación y desarrollo en proporción al PIB,1.2
2011,Gastos en investigación y desarrollo en proporción al PIB,1.1
2012,Gastos en investigación y desarrollo en proporción al PIB,1.0
2013,Gastos en investigación y desarrollo en proporción al PIB,0.9
2014,Gastos en investigación y desarrollo en proporción al PIB,0.8
2015,Gastos en investigación y desarrollo en proporción al PIB,0.8
2016,Gastos en investigación y desarrollo en proporción al PIB,0.8
2017,Gastos en investigación y desarrollo en proporción al PIB,0.8
2018,Gastos en investigación y desarrollo en proporción al PIB,0.8
